image,description
1,nipuna nic
2,dasun nic
3,milan nic
4,kavinda nic
5,nuwan nic
6,sumudu nic
7,dilshan nic
8,dasun driving licence
9,dasun face with dilshan nic
10,dasun face with sumudu nic
11,dasun face with nuwan nic
12,dasun face with kavinda nic
13,dasun face with dasun nic
14,dasun face with nipuna nic
15,nipuna face with nipuna nic
16,nipuna face with nipuna nic
17,nipuna nic
18,milan face with milan nic
19,milan face with milan nic
20,milan face
21,milan face
22,dilshan face with kavinda nic
23,dilshan face with kavinda nic
24,dilshan face with dilshan nic
25,dilshan face with dilshan nic
26,dilshan face
27,madhuka face with madhuka university ID
28,madhuka face with madhuka university ID
29,madhuka face with madhuka nic
30,madhuka university ID
31,madhuka university ID
32,madhuka driving licence
33,madhuka driving licence
34,madhuka nic
35,madhuka nic
36,buddhi face with buddhi nic
37,buddhi face with buddhi nic
38,buddhi face with buddhi nic
39,buddhi face
40,buddhi nic
41,kavinda face with dasun driving licence
42,kavinda face with dasun driving licence
43,kavinda face with nuwan nic
44,kavinda face with nuwan nic
45,kavinda face with kavinda nic
46,kavinda face with kavinda nic
47,kavinda face
48,kavinda face
49,dasun face with sumudu nic
50,dasun face with sumudu nic
51,sumudu face with sumudu nic
52,sumudu face with sumudu nic
53,sumudu face with sumudu nic
54,sumudu face with sumudu nic
55,sumudu nic
56,sumudu nic
57,sumudu face
58,dasun face with nuwan nic
59,dasun face with nuwan nic
60,nuwan face with dasun nic
61,nuwan face with dasun nic
62,nuwan face with nuwan nic
64,nuwan face
65,pravinda face with pravinda nic
66,pravinda nic
67,pravinda face
68,nipuna nic scan
69,dasun nic scan
70,sumudu nic scan
71,nuwan nic scan
72,dasun driving licence scan
73,kavinda nic scan
74,dilshan nic scan
75,milan nic scan
76,dasun nic
77,dasun face with dasun nic
78,dasun nic scan
79,dilini face
80,dilini face with dasun nic
81,dilini face with dilini nic
82,dilini nic
83,dilini nic
84,madhuka face
85,dasun face
86,nipuna face
